{
  "timestamp": "2025-08-19 17:49:40",
  "evaluation_type": "comprehensive_metrics",
  "core_metrics": {
    "accuracy": 0.513,
    "precision": 0.90625,
    "recall": 0.029,
    "f1_score": 0.0562015503875969
  },
  "advanced_metrics": {
    "roc_auc": 0.500935,
    "precision_recall_auc": 0.5003730468234644,
    "brier_score": 0.24995516739238804
  },
  "calibration_metrics": {
    "ece": 0.00033008658016514536,
    "mce": 0.00033008658016514536
  },
  "confusion_matrix": {
    "true_positive": 29,
    "true_negative": 997,
    "false_positive": 3,
    "false_negative": 971
  },
  "per_class_metrics": {
    "hallucination": {
      "precision": 0.90625,
      "recall": 0.029,
      "f1": 0.0562015503875969,
      "support": 1000
    },
    "correct": {
      "precision": 0.5066056910569106,
      "recall": 0.997,
      "f1": 0.671832884097035,
      "support": 1000
    }
  }
}