{
  "timestamp": "2025-08-22 14:07:40",
  "evaluation_type": "comprehensive_metrics",
  "core_metrics": {
    "accuracy": 0.5225,
    "precision": 0.9591836734693877,
    "recall": 0.047,
    "f1_score": 0.08960915157292659
  },
  "advanced_metrics": {
    "roc_auc": 0.559504,
    "precision_recall_auc": 0.5973641226405908,
    "brier_score": 0.44409045301271877
  },
  "calibration_metrics": {
    "ece": 0.43109975574691756,
    "mce": 0.6769044978566825
  },
  "confusion_matrix": {
    "true_positive": 47,
    "true_negative": 998,
    "false_positive": 2,
    "false_negative": 953
  },
  "per_class_metrics": {
    "hallucination": {
      "precision": 0.9591836734693877,
      "recall": 0.047,
      "f1": 0.08960915157292659,
      "support": 1000
    },
    "correct": {
      "precision": 0.5115325474115838,
      "recall": 0.998,
      "f1": 0.6763808878346323,
      "support": 1000
    }
  }
}