{
  "evaluation_summary": {
    "total_evaluations": 144,
    "methods_tested": [
      "diag_fim_dir",
      "scalar_js_kl"
    ],
    "models_tested": [
      "pythia-6.9b",
      "ollama-mistral-7b",
      "qwen2.5-7b",
      "dialogpt-medium",
      "mixtral-8x7b",
      "mistral-7b"
    ],
    "evaluation_timestamp": "2025-08-15 16:00:09"
  },
  "model_tier_hbar_analysis": {
    "mixtral-8x7b": {
      "hbar_statistics": {
        "mean": 1.1752650712818444,
        "std": 0.8780355275972825,
        "min": 0.08062794131189138,
        "max": 2.224321193867632,
        "median": 1.1693194519344443,
        "samples": 24
      },
      "pfail_statistics": {
        "mean": 0.517874385345188,
        "std": 0.48563729475660605,
        "min": 0.009982784297464372,
        "max": 0.9978098790144716
      },
      "processing_time": {
        "mean_ms": 4.236479600270589,
        "std_ms": 4.618630275055216
      },
      "tier_breakdown": {
        "tier_1": {
          "hbar_hallucination_predicted": {
            "mean": 0.32728556698458455,
            "count": 12
          },
          "hbar_correct_predicted": {
            "mean": 2.023244575579104,
            "count": 12
          },
          "accuracy": 0.5,
          "precision": 0.5,
          "predictions_made": 12
        },
        "tier_2": {
          "hbar_hallucination_predicted": {
            "mean": 1.1752650712818444,
            "count": 24
          },
          "hbar_correct_predicted": {
            "mean": 0.0,
            "count": 0
          },
          "accuracy": 0.5,
          "precision": 0.5,
          "predictions_made": 24
        },
        "tier_3": {
          "hbar_hallucination_predicted": {
            "mean": 1.1752650712818444,
            "count": 24
          },
          "hbar_correct_predicted": {
            "mean": 0.0,
            "count": 0
          },
          "accuracy": 0.5,
          "precision": 0.5,
          "predictions_made": 24
        }
      }
    },
    "mistral-7b": {
      "hbar_statistics": {
        "mean": 1.1752650712818444,
        "std": 0.8780355275972825,
        "min": 0.08062794131189138,
        "max": 2.224321193867632,
        "median": 1.1693194519344443,
        "samples": 24
      },
      "pfail_statistics": {
        "mean": 0.517874385345188,
        "std": 0.48563729475660605,
        "min": 0.009982784297464372,
        "max": 0.9978098790144716
      },
      "processing_time": {
        "mean_ms": 2.7208427588144937,
        "std_ms": 1.0128244333750067
      },
      "tier_breakdown": {
        "tier_1": {
          "hbar_hallucination_predicted": {
            "mean": 0.32728556698458455,
            "count": 12
          },
          "hbar_correct_predicted": {
            "mean": 2.023244575579104,
            "count": 12
          },
          "accuracy": 0.5,
          "precision": 0.5,
          "predictions_made": 12
        },
        "tier_2": {
          "hbar_hallucination_predicted": {
            "mean": 1.1752650712818444,
            "count": 24
          },
          "hbar_correct_predicted": {
            "mean": 0.0,
            "count": 0
          },
          "accuracy": 0.5,
          "precision": 0.5,
          "predictions_made": 24
        },
        "tier_3": {
          "hbar_hallucination_predicted": {
            "mean": 1.1752650712818444,
            "count": 24
          },
          "hbar_correct_predicted": {
            "mean": 0.0,
            "count": 0
          },
          "accuracy": 0.5,
          "precision": 0.5,
          "predictions_made": 24
        }
      }
    },
    "qwen2.5-7b": {
      "hbar_statistics": {
        "mean": 1.1752650712818444,
        "std": 0.8780355275972825,
        "min": 0.08062794131189138,
        "max": 2.224321193867632,
        "median": 1.1693194519344443,
        "samples": 24
      },
      "pfail_statistics": {
        "mean": 0.517874385345188,
        "std": 0.48563729475660605,
        "min": 0.009982784297464372,
        "max": 0.9978098790144716
      },
      "processing_time": {
        "mean_ms": 2.838859955469767,
        "std_ms": 1.034098069393146
      },
      "tier_breakdown": {
        "tier_1": {
          "hbar_hallucination_predicted": {
            "mean": 0.32728556698458455,
            "count": 12
          },
          "hbar_correct_predicted": {
            "mean": 2.023244575579104,
            "count": 12
          },
          "accuracy": 0.5,
          "precision": 0.5,
          "predictions_made": 12
        },
        "tier_2": {
          "hbar_hallucination_predicted": {
            "mean": 1.1752650712818444,
            "count": 24
          },
          "hbar_correct_predicted": {
            "mean": 0.0,
            "count": 0
          },
          "accuracy": 0.5,
          "precision": 0.5,
          "predictions_made": 24
        },
        "tier_3": {
          "hbar_hallucination_predicted": {
            "mean": 1.1752650712818444,
            "count": 24
          },
          "hbar_correct_predicted": {
            "mean": 0.0,
            "count": 0
          },
          "accuracy": 0.5,
          "precision": 0.5,
          "predictions_made": 24
        }
      }
    },
    "pythia-6.9b": {
      "hbar_statistics": {
        "mean": 1.1752650712818444,
        "std": 0.8780355275972825,
        "min": 0.08062794131189138,
        "max": 2.224321193867632,
        "median": 1.1693194519344443,
        "samples": 24
      },
      "pfail_statistics": {
        "mean": 0.517874385345188,
        "std": 0.48563729475660605,
        "min": 0.009982784297464372,
        "max": 0.9978098790144716
      },
      "processing_time": {
        "mean_ms": 2.466390530268351,
        "std_ms": 0.9529843088263871
      },
      "tier_breakdown": {
        "tier_1": {
          "hbar_hallucination_predicted": {
            "mean": 0.32728556698458455,
            "count": 12
          },
          "hbar_correct_predicted": {
            "mean": 2.023244575579104,
            "count": 12
          },
          "accuracy": 0.5,
          "precision": 0.5,
          "predictions_made": 12
        },
        "tier_2": {
          "hbar_hallucination_predicted": {
            "mean": 1.1752650712818444,
            "count": 24
          },
          "hbar_correct_predicted": {
            "mean": 0.0,
            "count": 0
          },
          "accuracy": 0.5,
          "precision": 0.5,
          "predictions_made": 24
        },
        "tier_3": {
          "hbar_hallucination_predicted": {
            "mean": 1.1752650712818444,
            "count": 24
          },
          "hbar_correct_predicted": {
            "mean": 0.0,
            "count": 0
          },
          "accuracy": 0.5,
          "precision": 0.5,
          "predictions_made": 24
        }
      }
    },
    "dialogpt-medium": {
      "hbar_statistics": {
        "mean": 1.1752650712818444,
        "std": 0.8780355275972825,
        "min": 0.08062794131189138,
        "max": 2.224321193867632,
        "median": 1.1693194519344443,
        "samples": 24
      },
      "pfail_statistics": {
        "mean": 0.517874385345188,
        "std": 0.48563729475660605,
        "min": 0.009982784297464372,
        "max": 0.9978098790144716
      },
      "processing_time": {
        "mean_ms": 3.00594170888265,
        "std_ms": 1.1161237530342785
      },
      "tier_breakdown": {
        "tier_1": {
          "hbar_hallucination_predicted": {
            "mean": 0.32728556698458455,
            "count": 12
          },
          "hbar_correct_predicted": {
            "mean": 2.023244575579104,
            "count": 12
          },
          "accuracy": 0.5,
          "precision": 0.5,
          "predictions_made": 12
        },
        "tier_2": {
          "hbar_hallucination_predicted": {
            "mean": 1.1752650712818444,
            "count": 24
          },
          "hbar_correct_predicted": {
            "mean": 0.0,